text,label
I am skilled in developing and implementing strategic plans for expansion.,Positive
I have had conflicts with team members over work distribution.,Negative
I have limited experience in advanced software tools.,Negative
"I find it challenging to manage stress effectively, particularly during unexpected issues.",Negative
"I have a strong background in data analysis, focusing on operations.",Positive
I have consistently met or exceeded my sales targets by 10%.,Positive
I have successfully led a team of 4 people.,Positive
I am passionate about continuous learning and development in management.,Positive
I have difficulty meeting deadlines when requirements are unclear.,Negative
I am highly proficient in Python and Go.,Positive
I have consistently met or exceeded my sales targets by 20%.,Positive
"I have experience working in diverse, cross-functional teams on software development.",Positive
"I am a quick learner and adapt well to new environments, such as corporate settings.",Positive
I have had conflicts with team members over communication styles.,Negative
"I excel at problem-solving and critical thinking, especially in high-pressure situations.",Positive
I have had conflicts with team members over project direction.,Negative
"I am not very comfortable with public speaking, especially in large groups.",Negative
I have limited knowledge of advanced software tools like SAP.,Negative
I have a tendency to procrastinate when tasks are monotonous.,Negative
"I struggle with time management, particularly when handling multiple tasks.",Negative
I have successfully led a team of 6 people.,Positive
I have limited experience in this industry.,Negative
"I excel at problem-solving and critical thinking, especially in team settings.",Positive
I am skilled in developing and implementing strategic plans for growth.,Positive
I have successfully led a team of 2 people.,Positive
"I struggle with time management, particularly when facing tight deadlines.",Negative
I am highly proficient in Python and JavaScript.,Positive
"I find it challenging to manage stress effectively, particularly during major changes.",Negative
"I have a proven track record of successful project management, including cross-border projects.",Positive
I have limited knowledge of advanced software tools like Oracle.,Negative
I am highly proficient in Python and Java.,Positive
I have been unable to maintain consistent performance levels in long-term projects.,Negative
"I am not very comfortable with public speaking, especially in formal settings.",Negative
I have limited knowledge of advanced software tools like Spark.,Negative
I am passionate about continuous learning and development in innovation.,Positive
I am highly proficient in Python and Ruby.,Positive
I have difficulty meeting deadlines when resources are limited.,Negative
I have successfully led a team of 7 people.,Positive
"I struggle with time management, particularly when managing unexpected issues.",Negative
"I am not very comfortable with public speaking, especially in impromptu scenarios.",Negative
I have consistently met or exceeded my sales targets by 50%.,Positive
I have successfully led a team of 5 people.,Positive
"I am a quick learner and adapt well to new environments, such as remote work.",Positive
I have successfully led a team of 9 people.,Positive
I have been unable to maintain consistent performance levels in fast-paced environments.,Negative
I have been unable to maintain consistent performance levels in high-stress situations.,Negative
I am passionate about continuous learning and development in technology.,Positive
I have a tendency to procrastinate when goals are unclear.,Negative
"I find it challenging to manage stress effectively, particularly during tight deadlines.",Negative
"I have experience working in diverse, cross-functional teams on marketing campaigns.",Positive
"I excel at problem-solving and critical thinking, especially in individual projects.",Positive
I have successfully led a team of 8 people.,Positive
I have consistently met or exceeded my sales targets by 40%.,Positive
I often require additional supervision to complete tasks such as reporting.,Negative
"I have a proven track record of successful project management, including multi-department collaborations.",Positive
I often require additional supervision to complete tasks such as coding.,Negative
I often require additional supervision to complete tasks such as presentations.,Negative
"I am a quick learner and adapt well to new environments, such as startups.",Positive
"I have experience working in diverse, cross-functional teams on strategic initiatives.",Positive
I have successfully led a team of 10 people.,Positive
I have limited experience in management roles.,Negative
"I have a strong background in data analysis, focusing on finance.",Positive
I have consistently met or exceeded my sales targets by 30%.,Positive
I have a tendency to procrastinate when deadlines are distant.,Negative
"I have a proven track record of successful project management, including large-scale rollouts.",Positive
"I have a strong background in data analysis, focusing on marketing.",Positive
I have successfully led a team of 3 people.,Positive
I have difficulty meeting deadlines when projects are complex.,Negative
I have successfully led a team of 1 people.,Positive
I have limited knowledge of advanced software tools like Hadoop.,Negative
I am highly proficient in Python and C++.,Positive
I have limited knowledge of advanced software tools like Salesforce.,Negative
I am skilled in developing and implementing strategic plans for optimization.,Positive
